Customer Clients data,Postal Code clients data,Street,DC,Best Scenario
ALDI SE & Co. Kommanditgesells,31275.0,Gewerbestraße 3-9,Langenhagen,Tue_Fri
AWB Tabakwaren-Großeinkauf Gmb,30539.0,Brüsseler Straße 14,Langenhagen,Mon_Wed
Achim Dürr GmbH,77694.0,Hauptstraße 1,Dreieich,Tue_Fri
Aldi GmbH & Co KG Weimar,99428.0,Österholzstraße  12,Meerane,Mon_Wed
Aldi GmbH & Co KG Weimar,99428.0,Österholzstraße 12,Meerane,Wed_Fri
Aldi GmbH & Co. KG Barleben,39179.0,Hintern Hecken  2,Langenhagen,Tue_Thu
Aldi GmbH & Co. KG Barleben,39179.0,Hintern Hecken 2,Langenhagen,Mon_Wed
Aldi GmbH & Co. KG Beucha,4824.0,Gebr.-Helfmann-Straße 8,Meerane,Mon_Wed
Aldi GmbH & Co. KG Greven,48268.0,Up'n Nienesch 26-34,Krefeld,Tue_Thu
Aldi GmbH & Co. KG Herten,45699.0,Hohewardstraße  345-349,Krefeld,Mon_Wed
Aldi GmbH & Co. KG Herten,45699.0,Hohewardstraße 345-349,Krefeld,Mon_Wed
Aldi GmbH & Co. KG Hesel,26835.0,Wehrden 4,Langenhagen,Tue_Fri
Aldi GmbH & Co. KG Jarmen,17126.0,Anklamer Straße 9,Meerane,Mon_Wed
Aldi GmbH & Co. KG Mittenwalde,15749.0,Zülowstraße 1-4,Meerane,Tue_Thu
Aldi GmbH & Co. KG Rinteln,31737.0,Am Stumpfen Turm 33,Langenhagen,Tue_Thu
Aldi GmbH & Co. KG Salzgitter,38259.0,Porschestraße 10,Langenhagen,Tue_Fri
Aldi GmbH & Co. KG Scharbeutz,23684.0,Hinrichskrog 1,Langenhagen,Tue_Fri
Aldi SE & Co. KG Adelsdorf,91325.0,Holzäckerstraße 1,Meerane,Mon_Thu
Aldi SE & Co. KG Aichtal,72631.0,Riedstraße 8-12,Dreieich,Wed_Fri
Aldi SE & Co. KG Bargteheide,22941.0,Max-Planck-Straße  3,Langenhagen,Tue_Thu
Aldi SE & Co. KG Bargteheide,22941.0,Max-Planck-Straße 3,Langenhagen,Wed_Fri
Aldi SE & Co. KG Bingen,55411.0,An den Steinäckern 1,Dreieich,Wed_Fri
Aldi SE & Co. KG Bous,66359.0,Am Bommersbacher Hof 1-5,Dreieich,Wed_Fri
Aldi SE & Co. KG Butzbach,35510.0,In der Alböhn 1,Dreieich,Wed_Fri
Aldi SE & Co. KG Datteln,45711.0,Emscher-Lippe-Straße 6,Krefeld,Tue_Fri
Aldi SE & Co. KG Donaueschin,78166.0,Pfohrener Straße 50,Dreieich,Mon_Thu
Aldi SE & Co. KG Dormagen,41542.0,Edisonstraße 12,Krefeld,Wed_Fri
Aldi SE & Co. KG Ebersberg,85560.0,Anzinger Straße 6,Dreieich,No Change
Aldi SE & Co. KG Ebersberg,85560.0,Anzinger Straße 6,Meerane,No Change
Aldi SE & Co. KG Eschweiler,52249.0,Mariadorfer Straße 1,Krefeld,Tue_Fri
Aldi SE & Co. KG Geisenfeld,85290.0,Römerstraße 2,Dreieich,No Change
Aldi SE & Co. KG Geisenfeld,85290.0,Römerstraße 2,Meerane,Wed_Fri
Aldi SE & Co. KG Großbeeren,14979.0,Osdorfer Ring 21,Meerane,Tue_Thu
Aldi SE & Co. KG Helmstadt,97264.0,Würzburger Straße 56,Dreieich,Tue_Fri
Aldi SE & Co. KG Helmstadt,97264.0,Würzburger Straße 56,Meerane,No Change
Aldi SE & Co. KG Kerpen,50171.0,Humboldtstraße 38-44,Krefeld,Wed_Fri
Aldi SE & Co. KG Kirchheim,67281.0,Rosengartenweg 11,Dreieich,Mon_Wed
Aldi SE & Co. KG Kleinaiting,86507.0,Messerschmittstraße 2,Dreieich,No Change
Aldi SE & Co. KG Kleinaiting,86507.0,Messerschmittstraße 2,Meerane,Mon_Wed
Aldi SE & Co. KG Langenfeld,40764.0,Karl-Benz-Straße 4-6,Krefeld,Wed_Fri
Aldi SE & Co. KG Langenselbo,63505.0,Am Seegraben 16,Dreieich,Mon_Thu
Aldi SE & Co. KG Lingen,49811.0,Am Seitenkanal 2-4,Langenhagen,Wed_Fri
Aldi SE & Co. KG Mahlberg,77972.0,Rotackerstraße 19-51,Dreieich,Tue_Thu
Aldi SE & Co. KG Murr,71711.0,Lehmgrube 5,Dreieich,Tue_Thu
Aldi SE & Co. KG Mönchengladba,41065.0,Korschenbroicher Str. 605,Krefeld,Mon_Wed
Aldi SE & Co. KG Mönchengladba,41065.0,Korschenbroicher Straße 605,Krefeld,Mon_Wed
Aldi SE & Co. KG Mörfelden,64546.0,Hessenring 1,Dreieich,Tue_Thu
Aldi SE & Co. KG Nortorf,24589.0,An der Automeile 1,Langenhagen,Wed_Fri
Aldi SE & Co. KG Radevormwal,42477.0,Feldmannshaus 6,Krefeld,Tue_Thu
Aldi SE & Co. KG Rastatt,76437.0,Im Wöhr 7-9,Dreieich,Tue_Thu
Aldi SE & Co. KG Regenstauf,93128.0,Benzstraße 11,Meerane,No Change
Aldi SE & Co. KG Rheinberg,47495.0,An der Rheinberger Heide 11,Krefeld,Mon_Wed
Aldi SE & Co. KG Schloß Holt,33106.0,Halberstädter Straße 40,Langenhagen,Wed_Fri
Aldi SE & Co. KG St. Augustin,53757.0,Im Mittelfeld 11,Krefeld,Mon_Wed
Aldi SE & Co. KG Werl,59457.0,Runtestraße 11,Krefeld,Mon_Wed
Aldi SE & Co. KG Werneuchen,16356.0,Kastanienstraße  2-4,Meerane,Tue_Thu
Aldi SE & Co. KG Werneuchen,16356.0,Kastanienstraße 2-4,Meerane,Mon_Thu
Aldi SE & Co. KG Weyhe,28844.0,Industriestraße 16,Langenhagen,Tue_Thu
Aldi SE & Co.KG,21435.0,Harburger Str. 98,Langenhagen,Mon_Wed
Aldi SE & Co.KG,31275.0,Gewerbestraße  3-9,Langenhagen,Tue_Fri
Aldi SE & Co.KG,34346.0,Grasewege  4,Langenhagen,Mon_Thu
Aldi SE & Co.KG,34346.0,Grasewege 4,Langenhagen,Wed_Fri
Aldi SE & Co.KG Wilsdruff,1723.0,Huehndorfer Hoehe 4,Meerane,Tue_Thu
Au Petit Bonheur,79206.0,Zur Rheinbrücke 17,Dreieich,No Change
B.E.S.T. Akyol Handels GmbH,10365.0,Herzbergstr. 128-139,Meerane,Mon_Thu
Bartels-Langness Handelsgesell,24536.0,Baeyerstraße 22,Langenhagen,Tue_Thu
Bela Handels GmbH & Co. KG,18510.0,Försterdamm 1,Meerane,Wed_Fri
Bernhard Hagemann,48431.0,Neuenkirchener Straße 200,Krefeld,Tue_Thu
Biesinger GmbH,79664.0,Hauptstraße 39,Dreieich,No Change
Black Sea Trade GmbH,12099.0,Gottlieb-Dunkel-Straße 20/21,Meerane,Tue_Fri
Brülle SB Zentralmarkt GmbH &,48155.0,Loddenheide 7,Krefeld,No Change
Brülle SB Zentralmarkt GmbH &,49076.0,Benzstraße 17,Langenhagen,Wed_Fri
Brülle SB Zentralmarkt GmbH &,65555.0,Kapellenstraße 8,Dreieich,No Change
Bunting SCM / Logistik,49134.0,Hansastr. 77/84,Langenhagen,Tue_Fri
Bäko München,82024.0,Lindenring 1,Dreieich,No Change
Bäko München,82024.0,Lindenring 1,Meerane,No Change
Bünting SCM / Logistik,26845.0,Gewerbestr. 19-21,Langenhagen,Tue_Fri
Bünting SCM / Logistik,33154.0,Eichfeld 3,Langenhagen,Wed_Fri
CITTI Märkte GmbH & Co.KG,23556.0,Herrenholz 14,Langenhagen,No Change
Campus Held GmbH,45356.0,Karl-Legien-Str. 3,Krefeld,Mon_Thu
Carl Domsky GmbH & Co KG.,26789.0,Am Emsdeich 49,Langenhagen,Tue_Fri
Clemens Kubiak,44625.0,Vödestraße 120,Krefeld,No Change
Daus GmbH,14199.0,Forckenbeckstraße 9-13,Meerane,No Change
Dein Kiosk GmbH,50827.0,Rochusstraße 247,Krefeld,No Change
Depot Verkaufsstelle Alfter,53347.0,Raiffeisenstr. 33,Krefeld,No Change
Depot Verkaufsstelle Chemnitz,9112.0,Reichsstr. 1B,Meerane,No Change
Depot Verkaufsstelle Frankfurt,60314.0,Hanauer Landstr. 314,Dreieich,No Change
Depot Verkaufsstelle Hilden,40721.0,Forststraße 27-29,Krefeld,No Change
Depot Verkaufsstelle Musterwar,1277.0,Enderstraße 94 E,Meerane,No Change
Depot Verkaufsstelle Musterwar,1662.0,Am Triebischwehr 4,Meerane,No Change
Depot Verkaufsstelle Musterwar,3238.0,Am Holländer 15,Meerane,No Change
Depot Verkaufsstelle Musterwar,4103.0,Zwickauer Straße 56 b,Meerane,No Change
Depot Verkaufsstelle Musterwar,4157.0,Max-Liebermann-Str. 102,Meerane,No Change
Depot Verkaufsstelle Musterwar,6120.0,Schiepziger Strasse 59,Meerane,No Change
Depot Verkaufsstelle Musterwar,8529.0,Apfelbaumweg 28,Meerane,No Change
Depot Verkaufsstelle Musterwar,12107.0,Lankwitzer Str. 25,Meerane,Tue_Fri
Depot Verkaufsstelle Musterwar,12555.0,Friedrichshagenerstraße 4,Meerane,Wed_Fri
Depot Verkaufsstelle Musterwar,13089.0,Prenzlauer Promenade 26,Meerane,Tue_Fri
Depot Verkaufsstelle Musterwar,14476.0,Dorfplatz 11,Meerane,Wed_Fri
Depot Verkaufsstelle Musterwar,15898.0,Lindenpark 15,Meerane,No Change
Depot Verkaufsstelle Musterwar,16348.0,Erich-Weinert-Straße 6,Meerane,Wed_Fri
Depot Verkaufsstelle Musterwar,18146.0,Lewarkweg 24,Meerane,Wed_Fri
Depot Verkaufsstelle Musterwar,18184.0,Ahornring 8d,Meerane,Wed_Fri
Depot Verkaufsstelle Musterwar,21255.0,Baurat-Wiese-Straße 88,Langenhagen,No Change
Depot Verkaufsstelle Musterwar,22305.0,Bramfelder Straße 111,Langenhagen,No Change
Depot Verkaufsstelle Musterwar,23611.0,Grüner Weg 4,Langenhagen,No Change
Depot Verkaufsstelle Musterwar,24537.0,Birnbaumweg 9,Langenhagen,No Change
Depot Verkaufsstelle Musterwar,25497.0,Hauptstraße 102,Langenhagen,No Change
Depot Verkaufsstelle Musterwar,26209.0,Hermann-Ehlers-Str. 3-5,Langenhagen,No Change
Depot Verkaufsstelle Musterwar,26219.0,Vidamer Str. 9,Langenhagen,No Change
Depot Verkaufsstelle Musterwar,26826.0,Rostocker Str. 2 a,Langenhagen,No Change
Depot Verkaufsstelle Musterwar,27616.0,Dorfstraße 6,Langenhagen,No Change
Depot Verkaufsstelle Musterwar,28207.0,Pfalzburger Straße 71,Langenhagen,No Change
Depot Verkaufsstelle Musterwar,29386.0,Hoher Weg 5b,Langenhagen,No Change
Depot Verkaufsstelle Musterwar,31275.0,Bruchstr. 5,Langenhagen,No Change
Depot Verkaufsstelle Musterwar,32457.0,Gänsekamp 41,Langenhagen,No Change
Depot Verkaufsstelle Musterwar,33154.0,Zur Laake 64,Langenhagen,No Change
Depot Verkaufsstelle Musterwar,33699.0,Walther-Werning-Straße 8,Langenhagen,Tue_Fri
Depot Verkaufsstelle Musterwar,34369.0,Steinmühle 4,Langenhagen,No Change
Depot Verkaufsstelle Musterwar,35104.0,Lindenhof 2,Dreieich,No Change
Depot Verkaufsstelle Musterwar,35232.0,Am Roßberg 1,Dreieich,No Change
Depot Verkaufsstelle Musterwar,36119.0,Kornblumenweg 2,Dreieich,No Change
Depot Verkaufsstelle Musterwar,36124.0,Brückenrain 23,Dreieich,No Change
Depot Verkaufsstelle Musterwar,36179.0,Braunhäuser Straße 14,Dreieich,No Change
Depot Verkaufsstelle Musterwar,38114.0,Hinter dem Turme 3,Langenhagen,No Change
Depot Verkaufsstelle Musterwar,39120.0,Leipziger Chaussee 167,Langenhagen,No Change
Depot Verkaufsstelle Musterwar,41516.0,Daimlerstraße 4,Krefeld,Tue_Thu
Depot Verkaufsstelle Musterwar,42327.0,Deutscher Ring 83,Krefeld,No Change
Depot Verkaufsstelle Musterwar,42929.0,Berliner Straße 81,Krefeld,No Change
Depot Verkaufsstelle Musterwar,44287.0,Am Kattenbrauck 13,Krefeld,No Change
Depot Verkaufsstelle Musterwar,44536.0,Auf der Höhe 8,Krefeld,No Change
Depot Verkaufsstelle Musterwar,45329.0,Wolbeckstraße 71-73,Krefeld,No Change
Depot Verkaufsstelle Musterwar,45357.0,Prospertstr. 76,Krefeld,No Change
Depot Verkaufsstelle Musterwar,45663.0,Horsthauserstraße 7,Krefeld,No Change
Depot Verkaufsstelle Musterwar,46342.0,Südring 23,Krefeld,No Change
Depot Verkaufsstelle Musterwar,47199.0,Schulstr. / rechte Garage 96,Krefeld,No Change
Depot Verkaufsstelle Musterwar,47229.0,Am Buchenbusch 83,Krefeld,No Change
Depot Verkaufsstelle Musterwar,47574.0,Nordring 101,Krefeld,No Change
Depot Verkaufsstelle Musterwar,47665.0,Steinheide 23,Krefeld,No Change
Depot Verkaufsstelle Musterwar,48612.0,An der Wurth 5,Krefeld,No Change
Depot Verkaufsstelle Musterwar,49134.0,Fürstenauer Weg 2,Langenhagen,No Change
Depot Verkaufsstelle Musterwar,49661.0,Industriezubringer 1 A,Langenhagen,No Change
Depot Verkaufsstelle Musterwar,49716.0,Ulmenhof 1,Langenhagen,No Change
Depot Verkaufsstelle Musterwar,50259.0,Donatusstraße 147,Krefeld,No Change
Depot Verkaufsstelle Musterwar,50389.0,Peter-Henlein-Straße 14,Krefeld,No Change
Depot Verkaufsstelle Musterwar,51061.0,Von-Kettler-Str. 1,Krefeld,No Change
Depot Verkaufsstelle Musterwar,52068.0,Rotterbruch 32-34,Krefeld,No Change
Depot Verkaufsstelle Musterwar,56237.0,Schäfersheide 25,Krefeld,No Change
Depot Verkaufsstelle Musterwar,56642.0,Alte Chaussee 66,Krefeld,No Change
Depot Verkaufsstelle Musterwar,57299.0,Sangstraße 4,Dreieich,No Change
Depot Verkaufsstelle Musterwar,59067.0,Peterstr. 19,Krefeld,No Change
Depot Verkaufsstelle Musterwar,59519.0,Kreisstr. 25,Krefeld,No Change
Depot Verkaufsstelle Musterwar,59846.0,Am Kurplatz 12,Krefeld,No Change
Depot Verkaufsstelle Musterwar,63450.0,Kinzigheimer Weg 120,Dreieich,No Change
Depot Verkaufsstelle Musterwar,66459.0,Zweibrücker Straße 24,Dreieich,No Change
Depot Verkaufsstelle Musterwar,68642.0,Die Lächner 4,Dreieich,No Change
Depot Verkaufsstelle Musterwar,71034.0,Karlstr. 7,Dreieich,Wed_Fri
Depot Verkaufsstelle Musterwar,74906.0,Wilhelm-Hauffstraße 49,Dreieich,No Change
Depot Verkaufsstelle Musterwar,75378.0,Weil der Städter Straße 9,Dreieich,Tue_Fri
Depot Verkaufsstelle Musterwar,77933.0,Karl-Kammer-Straße 9,Dreieich,Mon_Wed
Depot Verkaufsstelle Musterwar,83209.0,Seestraße 41,Meerane,No Change
Depot Verkaufsstelle Musterwar,85467.0,Veilchenweg 4,Meerane,Wed_Fri
Depot Verkaufsstelle Musterwar,86343.0,Bürgermeister-Wolfarth Straße 44,Meerane,Wed_Fri
Depot Verkaufsstelle Musterwar,86500.0,An der Viehweide 2,Meerane,Mon_Wed
Depot Verkaufsstelle Musterwar,87700.0,Burkhart Straße 6,Dreieich,No Change
Depot Verkaufsstelle Musterwar,88521.0,Herbertinger Str. 18,Dreieich,No Change
Depot Verkaufsstelle Musterwar,90513.0,Schützenstraße 21,Meerane,No Change
Depot Verkaufsstelle Musterwar,91757.0,Patrichstraße 23,Meerane,No Change
Depot Verkaufsstelle Musterwar,93077.0,Industriestraße 15,Meerane,No Change
Depot Verkaufsstelle Musterwar,94368.0,Flugplatzstraße 43,Meerane,Wed_Fri
Depot Verkaufsstelle Musterwar,97225.0,Birkenweg 11,Dreieich,Wed_Fri
Depot Verkaufsstelle Musterwar,97225.0,Birkenweg 11,Meerane,No Change
Depot Verkaufsstelle Musterwar,97353.0,Altenschönbacher Weg 2,Dreieich,No Change
Depot Verkaufsstelle Musterwar,97353.0,Altenschönbacher Weg 2,Meerane,No Change
Depot Verkaufsstelle Musterwar,97508.0,Anna-Kreis-Str. 2,Dreieich,No Change
Depot Verkaufsstelle Musterwar,97508.0,Anna-Kreis-Str. 2,Meerane,No Change
Depot Verkaufsstelle Musterwar,99867.0,Kantstr. 23,Meerane,No Change
Depot Verkaufsstelle Mörlenbac,69509.0,Akazienweg 8,Dreieich,No Change
Depot Verkaufsstelle Oberkoche,73447.0,Heckenrosenweg 7,Dreieich,No Change
Depot Verkaufsstelle Peine,31226.0,Königsberger Str. 10,Langenhagen,No Change
Depot Verkaufsstelle Schweinfu,97424.0,An der Pfanne 4,Dreieich,No Change
Depot Verkaufsstelle Villingen,78048.0,Kienzlestraße 3,Dreieich,No Change
Depot Verkaufsstelle Witten,58454.0,Friedrich- Ebert-Str. 98,Krefeld,No Change
Dietz GmbH,74211.0,Siemensstraße 1,Dreieich,Tue_Thu
Dietz GmbH,74211.0,Siemensstraße 1,Krefeld,No Change
"Direct Connection ""DC West""",22765.0,Barnerstrasse 63 // Hinterhaus,Krefeld,No Change
EDEKA Handelsgesellschaft,95615.0,Klepperstraße 2,Meerane,Tue_Fri
EDEKA Südbayern Handels,86899.0,Franz-Kollmann-Straße 2,Dreieich,No Change
EDEKA Südbayern Handels,86899.0,Franz-Kollmann-Straße 2,Meerane,Mon_Thu
Edeka Foodservice Stiftung & C,1139.0,Tauberthstraße 3,Meerane,Tue_Fri
Edeka Foodservice Stiftung & C,1587.0,Speicherstraße 6,Meerane,No Change
Edeka Foodservice Stiftung & C,3058.0,Am Seegraben 23,Meerane,No Change
Edeka Foodservice Stiftung & C,4435.0,Westringstraße 183,Meerane,Mon_Wed
Edeka Foodservice Stiftung & C,6193.0,Magdeburger Chaussee 75,Meerane,Tue_Thu
Edeka Foodservice Stiftung & C,6618.0,Eislebener Straße 5,Meerane,Tue_Fri
Edeka Foodservice Stiftung & C,6842.0,Am Eichengarten 17,Meerane,Tue_Fri
Edeka Foodservice Stiftung & C,9116.0,Winklhoferstraße 18,Meerane,Tue_Thu
Edeka Foodservice Stiftung & C,14532.0,Dreilindener Weg 1,Meerane,Tue_Fri
Edeka Foodservice Stiftung & C,26389.0,Güterstraße 49,Langenhagen,No Change
Edeka Foodservice Stiftung & C,26607.0,Arentestraße 7,Langenhagen,Tue_Thu
Edeka Foodservice Stiftung & C,26789.0,Benzstraße 5,Langenhagen,No Change
Edeka Foodservice Stiftung & C,27472.0,Repsoldstraße 2-6,Langenhagen,No Change
Edeka Foodservice Stiftung & C,28217.0,Am Waller Freihafen 1,Langenhagen,Tue_Thu
Edeka Foodservice Stiftung & C,28844.0,Zeppelinstraße 18,Langenhagen,Tue_Thu
Edeka Foodservice Stiftung & C,29227.0,Hannoversche Heerstraße 99,Langenhagen,No Change
Edeka Foodservice Stiftung & C,29614.0,Vor dem Weiherbusch 9,Langenhagen,No Change
Edeka Foodservice Stiftung & C,30659.0,Rendsburger Straße 22,Langenhagen,Wed_Fri
Edeka Foodservice Stiftung & C,31137.0,Hafenstraße 24C,Langenhagen,Tue_Thu
Edeka Foodservice Stiftung & C,32051.0,Bielefelder Straße 86,Langenhagen,No Change
Edeka Foodservice Stiftung & C,32429.0,Meyerweg 15,Langenhagen,Wed_Fri
Edeka Foodservice Stiftung & C,33689.0,Hansestraße 1,Langenhagen,Wed_Fri
Edeka Foodservice Stiftung & C,36251.0,Friedewalder Str. 11,Dreieich,No Change
Edeka Foodservice Stiftung & C,38855.0,Otto-von-Guericke-Straße 1A,Langenhagen,No Change
Edeka Foodservice Stiftung & C,39126.0,Ihlenburger Straße 6,Langenhagen,Tue_Thu
Edeka Foodservice Stiftung & C,44809.0,Speicherstraße 5,Krefeld,Wed_Fri
Edeka Foodservice Stiftung & C,48432.0,Am Stadtwalde 1-3,Krefeld,Tue_Fri
Edeka Foodservice Stiftung & C,49191.0,An Der B 51 65 4,Langenhagen,Wed_Fri
Edeka Foodservice Stiftung & C,49661.0,Max-Planck-Straße 14,Langenhagen,Tue_Fri
Edeka Foodservice Stiftung & C,65201.0,Alte Schmelze 23,Dreieich,Mon_Thu
Edeka Foodservice Stiftung & C,66333.0,Saarwiesenweg 1,Dreieich,Mon_Thu
Edeka Foodservice Stiftung & C,73614.0,Steinbeisstraße 35,Dreieich,Tue_Fri
Edeka Foodservice Stiftung & C,74076.0,Karl-Wüst-Str. 15,Dreieich,No Change
Edeka Foodservice Stiftung & C,75177.0,Philipp-Weber-Straße 1,Dreieich,Tue_Fri
Edeka Foodservice Stiftung & C,77656.0,Isaak-Blum-Str. 18,Dreieich,Mon_Thu
Edeka Foodservice Stiftung & C,78052.0,Auf der Steig 10,Dreieich,Tue_Fri
Edeka Foodservice Stiftung & C,79689.0,In Der Teichmatt 6,Dreieich,Mon_Thu
Edeka Foodservice Stiftung & C,97337.0,Mainfrankenpark 39-41,Dreieich,Wed_Fri
Edeka Foodservice Stiftung & C,97337.0,Mainfrankenpark 39-41,Meerane,Wed_Fri
Edeka Foodservice Stiftung & C,99427.0,Industriestr. 24,Meerane,No Change
Edeka Handelsges.Rhein-Ruhr mb,59069.0,Im Sutenkamp 2,Krefeld,Mon_Thu
Edeka Handelsgesellschaft mbH,19246.0,Am Heisterbusch 22,Langenhagen,Tue_Fri
Edeka Minden-Hannover IT-Logis,39171.0,Lange Göhren 13,Langenhagen,Tue_Thu
Edeka Minden-Hannover Logistik,26215.0,Edekastraße 1,Dreieich,Mon_Thu
Edeka Minden-Hannover Logistik,26215.0,Edekastraße 1,Langenhagen,Mon_Wed
Erich Christian Mack,89542.0,Schillerstraße 25,Dreieich,Mon_Wed
Ermuri Genuss Company eG,32758.0,Am Brommerfeld 11,Langenhagen,Mon_Wed
Ewald Hasenburg,58339.0,Sonnenschein 2-3,Krefeld,No Change
Feu Ki P.Kirsch KG,50823.0,Leostraße 51-53,Krefeld,Mon_Wed
Frank Pampel,8141.0,An der Kohlenbahn 3,Meerane,No Change
Franz Glück Tabakwaren GmbH i.,72175.0,Neuer Weg 8,Dreieich,Wed_Fri
Fritz Steinhaus GmbH & Co KG,33334.0,Im Heidkamp 17,Langenhagen,Tue_Thu
G.Lehner GmbH,74564.0,Ellwanger Straße 46,Dreieich,Wed_Fri
Gebr. Eikelberg KG,45147.0,Halbe Höhe 51,Krefeld,Wed_Fri
Großhandel Jakobs GmbH,52525.0,Borsigstraße 72,Krefeld,Tue_Thu
H. Lomberg GmbH & Co KG,53783.0,Im Auel 74,Krefeld,Tue_Fri
H. von der Heidt,45472.0,Beekmannshof 1,Krefeld,Mon_Wed
HANDELSHOF KÖLN Stiftung & Co.,18055.0,Timmermannsstrat 12,Meerane,Mon_Thu
HANDELSHOF KÖLN Stiftung & Co.,18273.0,Rostocker Chaussee 7,Meerane,No Change
HANDELSHOF KÖLN Stiftung & Co.,19061.0,Handelsstraße 3,Meerane,Wed_Fri
HANDELSHOF KÖLN Stiftung & Co.,21079.0,Nartenstr. 31,Langenhagen,Tue_Thu
HANDELSHOF KÖLN Stiftung & Co.,21339.0,Bessemerstr. 11,Langenhagen,No Change
HANDELSHOF KÖLN Stiftung & Co.,21684.0,Carl-Benz-Str. 3,Langenhagen,No Change
HANDELSHOF KÖLN Stiftung & Co.,32756.0,Sylbeckestr. 12,Langenhagen,Mon_Thu
HANDELSHOF KÖLN Stiftung & Co.,33609.0,Schelpmilser Weg 24,Langenhagen,Mon_Wed
HANDELSHOF KÖLN Stiftung & Co.,40880.0,Daniel-Goldbach-Straße 23,Krefeld,No Change
HANDELSHOF KÖLN Stiftung & Co.,41068.0,Rönneterring 12,Krefeld,No Change
HANDELSHOF KÖLN Stiftung & Co.,42781.0,Ginsterweg 14,Krefeld,Mon_Wed
HANDELSHOF KÖLN Stiftung & Co.,46395.0,Dingdener Str. 203,Krefeld,No Change
HANDELSHOF KÖLN Stiftung & Co.,50933.0,Widdersdorfer Str. 429-431,Krefeld,Mon_Thu
HANDELSHOF KÖLN Stiftung & Co.,51105.0,Rolshover Str. 229-231,Krefeld,Wed_Fri
HANDELSHOF KÖLN Stiftung & Co.,53359.0,Kleinaltendorfer Weg 2,Krefeld,Wed_Fri
HANDELSHOF KÖLN Stiftung & Co.,58089.0,Am Ringofen 19,Krefeld,Wed_Fri
HANDELSHOF KÖLN Stiftung & Co.,59075.0,Römerstr. 130,Krefeld,Wed_Fri
HANDELSHOF KÖLN Stiftung & Co.,59075.0,Römerstr. 130,Langenhagen,No Change
HANDELSHOF KÖLN Stiftung & Co.,59757.0,Wiebelsheidestr. 51,Krefeld,Mon_Wed
Hall Tabakwaren,14979.0,Am Wall 20,Meerane,Tue_Fri
Hall Tabakwaren,40721.0,Otto-Hahn-Straße 12a,Krefeld,Mon_Wed
Hall Tabakwaren,52146.0,Gouleystraße 4,Krefeld,Wed_Fri
Hall Tabakwaren,56637.0,Fraukircher Straße 20,Krefeld,Tue_Fri
Hall Tabakwaren,66280.0,Ludwigshöhe 1,Dreieich,Mon_Thu
Hall Tabakwaren,67547.0,Weinsheimer Str. 61,Dreieich,Mon_Thu
Hall Tabakwaren,67547.0,Weinsheimer Str. 61,Krefeld,Wed_Fri
Hall Tabakwaren KG,35457.0,Auweg 15,Dreieich,Mon_Thu
Hall Tabakwaren KG,35457.0,Auweg 15,Krefeld,Mon_Thu
Hall Tabakwaren KG,88255.0,Borsigweg 2,Dreieich,Mon_Thu
Hall Tabakwaren e.K.,33605.0,Stralsunder Straße 65,Langenhagen,Mon_Thu
Hall Tabakwaren e.K.,34414.0,Uhlandstraße 6,Langenhagen,Wed_Fri
Hamberger Großmarkt GmbH,81671.0,Friedenstr. 16,Meerane,No Change
Heinrich Klömpkes Tabakwaren e,47809.0,Ennsstraße 20,Krefeld,Mon_Wed
Henkel & Gärtner,13627.0,Adam von Trottstraße 10,Meerane,No Change
Hermann Düsing,49492.0,Gartenkamp 115,Langenhagen,Tue_Fri
Hermann Hauser GmbH,86179.0,Josef-Schorer-Str. 9,Meerane,Tue_Thu
Hermann Ross GmbH & CO.KG,77694.0,Handwerkstraße 4A,Dreieich,Tue_Fri
Hinrich Wolters GmbH,28777.0,Am Rönnebecker Hain 1,Langenhagen,Tue_Thu
Huissel Tabak GmbH,71154.0,Ferdinand-Porsche-Straße 6,Dreieich,Mon_Wed
Husumer Tabakwaren-GH Atlantik,25813.0,Otto-Hahn-Straße 18,Langenhagen,No Change
Inter Tabak GmbH,13355.0,Brunnenstraße 84,Meerane,Wed_Fri
J.Karls GmbH & Co. KG,54294.0,Niederkircher Straße 15,Dreieich,Tue_Fri
Joachim Zängerle e.K.,89346.0,Günzburger Straße 1,Dreieich,No Change
Johann Färber e.K.,90429.0,Fürther Straße 14,Meerane,Mon_Wed
Josef Meinolf,45309.0,Saatbruchstraße 1,Krefeld,No Change
Julius Graf GmbH & Co.KG,97616.0,Frankenstraße 26,Dreieich,No Change
Julius Graf GmbH & Co.KG,97616.0,Frankenstraße 26,Meerane,No Change
K+K Klaas & Kock B.V. & Co. KG,48599.0,Bessemerstr. 5,Krefeld,Mon_Thu
Karl Ehmann GmbH u.Co KG,91541.0,Erlbacher Straße 111,Meerane,Mon_Thu
Karl Gengenbach GmbH u.Co,74523.0,Aschenhausweg 4,Dreieich,Mon_Thu
Karl Strack Tabakwarengroßh.e.,57319.0,Ederstraße 47,Krefeld,Wed_Fri
Lekkerland SE,4552.0,Gewerbepark Ost 5,Meerane,Tue_Thu
Lekkerland SE,14979.0,Osdorfer Ring 10,Langenhagen,Tue_Fri
Lekkerland SE,22145.0,Brookstraße 1,Langenhagen,Tue_Fri
Lekkerland SE,30900.0,Bremerweg 17,Langenhagen,Wed_Fri
Lekkerland SE,46149.0,Im Lekkerland 1T,Krefeld,Mon_Thu
Lekkerland SE,50169.0,Röntgenstraße 32-34,Krefeld,Wed_Fri
Lekkerland SE,65604.0,Vor den Eichen 8,Dreieich,Tue_Thu
Lekkerland SE,65604.0,Vor den Eichen 8,Krefeld,Tue_Fri
Lekkerland SE,67240.0,Auf dem Wörth 3,Dreieich,Wed_Fri
Lekkerland SE,67240.0,Auf dem Wörth 3,Krefeld,Tue_Thu
Lekkerland SE,73563.0,Ziegelfeldstraße 48,Dreieich,Tue_Fri
Lekkerland SE,73563.0,Ziegelfeldstraße 48,Krefeld,No Change
Lekkerland SE,79359.0,Im Oberwald 8,Dreieich,Tue_Thu
Lekkerland SE,79359.0,Im Oberwald 8,Krefeld,No Change
Lekkerland SE,85391.0,Im Lekkerland,Dreieich,Mon_Thu
Lekkerland SE,85391.0,Im Lekkerland,Meerane,Mon_Wed
Lekkerland SE,91315.0,Im Lekkerland 1,Meerane,Mon_Wed
Lidl GmbH & Co KG,1471.0,An der Autobahn 1,Meerane,Wed_Fri
Lidl GmbH & Co KG,22962.0,Jacobsrade 56-66,Langenhagen,Tue_Thu
Lidl GmbH & Co KG,34295.0,Lange Heideteile 1,Langenhagen,Mon_Wed
Lidl GmbH & Co KG,94315.0,Belgrader Straße 3,Dreieich,No Change
Lidl GmbH & Co KG,94315.0,Belgrader Straße 3,Meerane,Tue_Fri
Lidl GmbH & Co. KG,6406.0,Claude-Breda-Straße 7,Langenhagen,Tue_Fri
Lidl GmbH & Co. KG,7546.0,Am Flugplatz 5,Meerane,Mon_Wed
Lidl GmbH & Co. KG,14979.0,An der Anhalterbahn 4,Meerane,Mon_Wed
Lidl GmbH & Co. KG,15537.0,Ahornstraße 1,Meerane,Mon_Thu
Lidl GmbH & Co. KG,21279.0,Walther-Blohm-Straße 19-20,Langenhagen,Tue_Fri
Lidl GmbH & Co. KG,28790.0,Lise-Meitner-Straße 1,Langenhagen,Tue_Fri
Lidl GmbH & Co. KG,31135.0,Baurat-Köhler-Starße 31,Langenhagen,Tue_Thu
Lidl GmbH & Co. KG,33106.0,Navarrastraße 37,Langenhagen,Tue_Thu
Lidl GmbH & Co. KG,41515.0,Lilienthalstr. 13-15,Krefeld,No Change
Lidl GmbH & Co. KG,41515.0,Lise-Meitner-Straße 4,Krefeld,Tue_Fri
Lidl GmbH & Co. KG,44625.0,Südstraße 110,Krefeld,Tue_Fri
Lidl GmbH & Co. KG,49661.0,Brookweg 55-57,Langenhagen,Mon_Wed
Lidl GmbH & Co. KG,49661.0,Brookweg 90,Langenhagen,Mon_Wed
Lidl GmbH & Co. KG,50169.0,Fraunhoferstrasse 5,Krefeld,Wed_Fri
Lidl GmbH & Co. KG,57299.0,Am Rübgarten 1,Dreieich,Mon_Wed
Lidl GmbH & Co. KG,59199.0,Weetfelder Straße 38,Krefeld,Wed_Fri
Lidl GmbH & Co. KG,66386.0,Heinz-Kettler-Straße 19,Dreieich,Wed_Fri
Lidl GmbH & Co. KG,73230.0,Hegelstraße 16,Dreieich,Wed_Fri
Lidl GmbH & Co. KG,76467.0,Muggensturmer Landstraße 2,Dreieich,Mon_Thu
Lidl GmbH & Co. KG,78183.0,Im Weiher 1,Dreieich,Mon_Wed
Lidl GmbH & Co. KG,79427.0,Max-Immelmann-Allee 23,Dreieich,Tue_Fri
Lidl GmbH & Co. KG,85646.0,Gewerbepark 1,Dreieich,No Change
Lidl GmbH & Co. KG,85646.0,Gewerbepark 1,Meerane,Wed_Fri
Lidl GmbH & Co. KG,88451.0,Rudolf-Diesel-Str. 1,Dreieich,Tue_Thu
Lidl GmbH & Co. KG,91330.0,In der Büg 18,Meerane,Mon_Wed
Lidl GmbH & Co.KG,16766.0,Am Elsholz 1,Meerane,Mon_Thu
Lidl GmbH & Co.KG,18147.0,Swienskuhlenstraße 6,Meerane,Wed_Fri
Lidl GmbH & Co.KG,24647.0,Industriestraße 5,Langenhagen,Tue_Thu
Lidl GmbH & Co.KG,24647.0,Industriestraße 5,Meerane,No Change
Lidl GmbH & Co.KG,31135.0,Baurat-Köhler-Straße 31,Langenhagen,Tue_Fri
Lidl GmbH & Co.KG,35428.0,Am Magna Park 10,Dreieich,No Change
Lidl GmbH & Co.KG,35428.0,Am Magna Park 10,Langenhagen,No Change
Lidl GmbH & Co.KG,47475.0,Krummensteg 137,Krefeld,Wed_Fri
Lidl GmbH & Co.KG,49492.0,Am Velper Mühlenbach 6,Langenhagen,Mon_Wed
Lidl GmbH & Co.KG,51375.0,Hornpottweg 11,Krefeld,Mon_Wed
Lidl GmbH & Co.KG,55597.0,In der Rohrgewann,Dreieich,Tue_Thu
Lidl GmbH & Co.KG,56072.0,Am Autobahnkreuz 8,Krefeld,Tue_Thu
Lidl GmbH & Co.KG,67346.0,Stockholmer Straße 29,Dreieich,Tue_Fri
Lidl GmbH & Co.KG,74638.0,Max-Eyth-Straße 13,Dreieich,Mon_Thu
Lidl GmbH & Co.KG,86836.0,Junkersstraße 1,Dreieich,No Change
Lidl GmbH & Co.KG,86836.0,Junkersstraße 1,Meerane,Tue_Thu
Lidl GmbH & Co.KG Erlensee,63526.0,Otto-Hahn-Straße 1,Dreieich,Mon_Wed
Logistikzentrum Erharting,84513.0,Maxing 15,Dreieich,No Change
Logistikzentrum Erharting,84513.0,Maxing 15,Meerane,Tue_Fri
Logistisches Dienstl.Zentr.,99634.0,Industriegelände,Meerane,Mon_Thu
Lucas,79618.0,Hertener Straße 4,Dreieich,Tue_Thu
Ludwig Zinser,88427.0,Bahnhofstraße 2,Dreieich,No Change
METRO Deutschland GmbH,1139.0,Marie-Curie-Straße 9,Meerane,Wed_Fri
METRO Deutschland GmbH,4328.0,Geithainer Straße 60,Meerane,Mon_Thu
METRO Deutschland GmbH,9247.0,Röhrsdorfer Allee 1,Meerane,No Change
METRO Deutschland GmbH,10243.0,An der Ostbahn,Meerane,Tue_Fri
METRO Deutschland GmbH,12277.0,Buckower Chaussee 25-35,Meerane,Tue_Fri
METRO Deutschland GmbH,12529.0,Grünauer Str. 5,Meerane,Mon_Wed
METRO Deutschland GmbH,13599.0,Nonnendammallee 128-139,Meerane,Mon_Thu
METRO Deutschland GmbH,21079.0,Großmoorbogen 1,Langenhagen,Tue_Thu
METRO Deutschland GmbH,22145.0,Bargkoppelweg 50,Langenhagen,Tue_Fri
METRO Deutschland GmbH,22453.0,Papenreye 33,Langenhagen,Mon_Thu
METRO Deutschland GmbH,22769.0,Plöner Straße 8,Langenhagen,Mon_Thu
METRO Deutschland GmbH,26135.0,An der Schmiede,Langenhagen,Mon_Thu
METRO Deutschland GmbH,28201.0,Neuenlander Straße 111,Langenhagen,Wed_Fri
METRO Deutschland GmbH,30453.0,Am Tönniesberg 16-18,Langenhagen,Tue_Thu
METRO Deutschland GmbH,30880.0,Lüneburger Straße 1,Langenhagen,Mon_Thu
METRO Deutschland GmbH,32457.0,Ellernstrasse 18,Langenhagen,Tue_Fri
METRO Deutschland GmbH,34123.0,Werner-Heisenberg-Straße 10,Langenhagen,Wed_Fri
METRO Deutschland GmbH,38122.0,Dieselstraße 13,Langenhagen,Wed_Fri
METRO Deutschland GmbH,39116.0,Werner-von-Siemens-Ring 9,Langenhagen,Mon_Wed
METRO Deutschland GmbH,40235.0,Schlüterstraße 3,Krefeld,Tue_Fri
METRO Deutschland GmbH,41468.0,Jagenbergstraße 6,Krefeld,Mon_Thu
METRO Deutschland GmbH,44145.0,Brackeler Straße 51,Krefeld,Tue_Fri
METRO Deutschland GmbH,44149.0,Borussiastr. 101,Krefeld,Tue_Fri
METRO Deutschland GmbH,45329.0,Lütkenbrauk 64,Krefeld,Wed_Fri
METRO Deutschland GmbH,45475.0,Heifeskamp 32-36,Krefeld,Mon_Wed
METRO Deutschland GmbH,45661.0,Querstraße 63,Krefeld,Tue_Fri
METRO Deutschland GmbH,47059.0,Max-Peters-Straße 20,Krefeld,Wed_Fri
METRO Deutschland GmbH,47829.0,Parkstraße 200,Krefeld,Wed_Fri
METRO Deutschland GmbH,50997.0,Otto-Hahn-Str. 15,Krefeld,Tue_Fri
METRO Deutschland GmbH,51377.0,Syltstr. 13,Krefeld,Tue_Fri
METRO Deutschland GmbH,52146.0,Schumanstr. 6,Krefeld,Tue_Fri
METRO Deutschland GmbH,53757.0,Einsteinstraße 28,Krefeld,Tue_Fri
METRO Deutschland GmbH,55252.0,Boelckestraße 78,Dreieich,Mon_Wed
METRO Deutschland GmbH,56070.0,Carl-Zeiss-Straße 6,Krefeld,Tue_Fri
METRO Deutschland GmbH,57072.0,Eiserfelder Straße 176,Krefeld,No Change
METRO Deutschland GmbH,58332.0,Saarstraße 9,Krefeld,Tue_Fri
METRO Deutschland GmbH,60386.0,Am Riederbruch 10,Dreieich,No Change
METRO Deutschland GmbH,60488.0,Guerickestraße 8,Dreieich,Mon_Thu
METRO Deutschland GmbH,64331.0,Im Rödling 8,Dreieich,Tue_Thu
METRO Deutschland GmbH,66125.0,Camphauser Straße 4,Dreieich,Wed_Fri
METRO Deutschland GmbH,67071.0,Oderstraße 2,Dreieich,Mon_Thu
METRO Deutschland GmbH,68199.0,Floßwörthstraße 30,Dreieich,Mon_Wed
METRO Deutschland GmbH,70825.0,Motorstraße 16-18,Dreieich,Wed_Fri
METRO Deutschland GmbH,76185.0,Bannwaldallee 42,Dreieich,Wed_Fri
METRO Deutschland GmbH,79194.0,Industriestraße 42,Dreieich,Wed_Fri
METRO Deutschland GmbH,80939.0,Helene-Wessel-Bogen 39,Dreieich,No Change
METRO Deutschland GmbH,80939.0,Helene-Wessel-Bogen 39,Meerane,Tue_Fri
METRO Deutschland GmbH,81243.0,Am Gleisdreieck 15,Dreieich,Mon_Thu
METRO Deutschland GmbH,81243.0,Am Gleisdreieck 15,Meerane,Mon_Thu
METRO Deutschland GmbH,85649.0,Zusestraße 6,Dreieich,No Change
METRO Deutschland GmbH,85649.0,Zusestraße 6,Meerane,Mon_Thu
METRO Deutschland GmbH,86156.0,Dr.-Dürrwanger-Straße,Dreieich,No Change
METRO Deutschland GmbH,86156.0,Dr.-Dürrwanger-Straße,Meerane,Tue_Fri
METRO Deutschland GmbH,89231.0,Borsigstraße 8,Dreieich,Mon_Thu
METRO Deutschland GmbH,90427.0,Bucher Hauptstraße 40,Meerane,Wed_Fri
METRO Deutschland GmbH,90451.0,Donaustraße 135,Meerane,Wed_Fri
METRO Deutschland GmbH,93053.0,Bajuwarenstraße 11,Meerane,Wed_Fri
METRO Deutschland GmbH,99198.0,Linderbacher Weg 32,Meerane,Tue_Fri
Martin Häusler,92444.0,Marktplatz 2,Meerane,No Change
Matthäus Koch GmbH,72355.0,Gaberstallgasse 10,Dreieich,Tue_Fri
Max Huber,86476.0,Kirchenstraße 8,Meerane,Mon_Thu
Max Lüning GmbH & Co KG,33449.0,Dieselstraße 11,Langenhagen,Tue_Thu
Metro Gastro,2625.0,Dresdener Straße 57,Meerane,No Change
Metro Gastro,7407.0,Oststraße 53,Meerane,No Change
Metro Gastro,14770.0,Caasmannstraße 3,Meerane,No Change
Metro Gastro,15907.0,Mühlbergweg 7,Meerane,No Change
Metro Gastro,16515.0,Sachsenhausener Straße 27,Meerane,No Change
Metro Gastro,17192.0,Warendorfer Straße 15,Meerane,No Change
Metro Gastro,17491.0,Sandfuhr 2,Meerane,No Change
Metro Gastro,19348.0,Ackerstraße,Meerane,No Change
Metro Gastro,23970.0,Karpendiek 2,Meerane,No Change
Metro Gastro,27607.0,Drangstedter Chaussee 101,Langenhagen,No Change
Metro Gastro,30179.0,Eckenerstr. 2A,Langenhagen,No Change
Metro Gastro,31582.0,Südring 15,Langenhagen,No Change
Metro Gastro,31789.0,Langes Feld 14,Langenhagen,No Change
Metro Gastro,38448.0,Krugfeld 16,Langenhagen,No Change
Metro Gastro,52353.0,Rurbenden 44,Krefeld,No Change
Metro Gastro,54294.0,Monaiser Straße 1,Dreieich,Wed_Fri
Metro Gastro,63607.0,Industriestraße 1,Dreieich,No Change
Metro Gastro,64646.0,Westerwaldstraße 8,Dreieich,Wed_Fri
Metro Gastro,73084.0,Im Alber 7,Dreieich,No Change
Metro Gastro,76532.0,Lärchenstraße 4,Dreieich,No Change
Metro Gastro,88239.0,Simoniusstraße 7,Dreieich,No Change
Metro Gastro,95030.0,An der Hohensaas 12,Meerane,No Change
Metro Gastro,99734.0,Straße der Genossenschaft,Meerane,No Change
Metro Gastro,99817.0,Adam-Opel-Straße,Meerane,No Change
Metro Gastro,99974.0,Beim Schwarzen Feld 14,Meerane,No Change
Metro SB Großmarkt,73730.0,Dornierstraße 9,Dreieich,Mon_Thu
Metro-SB-Grossmarkt,35440.0,Gewerbegebiet-Lückebachtal,Dreieich,Wed_Fri
Metro-SB-Grossmarkt,35440.0,Gewerbegebiet-Lückebachtal,Langenhagen,Wed_Fri
Mosen & Löhndorf GmbH  Co. KG,56626.0,Erfurter Straße 4-6,Krefeld,No Change
NORMA Lebensmittelfilialbetrie,9661.0,Hainichenerstraße 11a,Meerane,Tue_Fri
NORMA Lebensmittelfilialbetrie,16356.0,Möbel-Hübner-Straße 1,Meerane,Tue_Thu
NORMA Lebensmittelfilialbetrie,39126.0,Wörmlitzer Str. 3,Langenhagen,Tue_Thu
NORMA Lebensmittelfilialbetrie,72184.0,Daimlerstraße 10,Dreieich,Mon_Thu
NORMA Lebensmittelfilialbetrie,86551.0,Carl-von-Linde-Straße 3,Dreieich,No Change
NORMA Lebensmittelfilialbetrie,86551.0,Carl-von-Linde-Straße 3,Meerane,Mon_Wed
NORMA Lebensmittelfilialbetrie,88451.0,Robert-Bosch-Straße 2,Dreieich,Tue_Thu
NORMA Lebensmittelfilialbetrie,99098.0,Bei den Froschäckern 1a,Meerane,Tue_Fri
NORMA Logistkzentrum Ostsee,18196.0,Manfred.Roth-Str. 1,Meerane,Mon_Thu
Netto Marken Discount  AG & Co,1561.0,Am Fiebig 15,Meerane,Wed_Fri
Netto Marken Discount  AG & Co,89547.0,Rudolf-Schels-Straße 6,Dreieich,Mon_Thu
Netto Marken- Discount  AG & C,13127.0,Arkenberger Damm 1,Meerane,Tue_Fri
Netto Marken- Discount  AG & C,59069.0,Oberster Kamp 16,Krefeld,Tue_Fri
Netto Marken-Discount  AG & Co,4639.0,Altenburger Straße 12,Meerane,Wed_Fri
Netto Marken-Discount  AG & Co,6869.0,Am Brennickel 2,Meerane,Wed_Fri
Netto Marken-Discount  AG & Co,46240.0,Weusterstraße 4,Krefeld,Mon_Thu
Netto Marken-Discount  AG & Co,50169.0,Röntgenstraße 70-74,Krefeld,Wed_Fri
Netto Marken-Discount  AG & Co,67550.0,Mittelrheinstraße 36,Dreieich,Mon_Wed
Netto Marken-Discount  AG & Co,67550.0,Mittelrheinstraße 36,Krefeld,Mon_Wed
Netto Marken-Discount  AG & Co,78609.0,Vor dem Haldenwald,Dreieich,Mon_Wed
Netto Marken-Discount  AG & Co,93142.0,Industriepark Ponholz 1,Meerane,Wed_Fri
Netto Marken-Discount AG & Co.,24558.0,Rudolf-Diesel-Straße 15-17,Langenhagen,Tue_Fri
Netto Marken-Discount AG & Co.,27777.0,Am Rennfeuer 7,Langenhagen,Mon_Wed
Netto Marken-Discount AG & Co.,33181.0,Piepenberg 2,Langenhagen,Wed_Fri
Netto Marken-Discount AG & Co.,47807.0,Nirostastraße 2,Krefeld,Wed_Fri
Netto Marken-Discount AG & Co.,76744.0,Am Oberwald 17,Dreieich,Mon_Thu
Netto Marken-Discount AG & Co.,97318.0,Am Dreistock 14,Dreieich,Mon_Wed
Netto Marken-Discount AG & Co.,97318.0,Am Dreistock 14,Meerane,Mon_Wed
Netto Marken-Discount AG & Co.,99095.0,Erfurter Landstraße 61,Meerane,Mon_Wed
Netto-Marken Discount  AG & Co,29693.0,Lindberghstraße 8,Langenhagen,Wed_Fri
Noris Tabak & Convenience GmbH,90427.0,Moosäckerstraße 4,Meerane,Tue_Thu
Norma Lebensmittelfilialbetrie,50170.0,Daimlerstraße 23-25,Krefeld,Mon_Thu
Norma Lebensmittelfilialbetrie,55494.0,In der Wester 1,Dreieich,Mon_Thu
Norma Lebensmittelfilialbetrie,90766.0,Manfred-Roth-Straße 5,Meerane,Tue_Fri
Norma Lebensmittelfilialbetrie,93128.0,Regendorfer Straße 80,Meerane,Mon_Thu
Norma Lebensmittelfilialbetrie,97447.0,Am Alten Weg 1,Dreieich,Mon_Thu
Norma Lebensmittelfilialbetrie,97447.0,Am Alten Weg 1,Meerane,Mon_Wed
Ostermeier GmbH & Co.KG,85521.0,Otto-Hahn-Str. 17,Dreieich,Mon_Thu
Ostermeier GmbH & Co.KG,85521.0,Otto-Hahn-Str. 17,Meerane,Mon_Thu
Otto Sippekamp,91788.0,Deisingerstraße 11,Meerane,No Change
Pape Tabakwaren GmbH,58239.0,Schlesierweg 12A,Krefeld,Mon_Thu
Paul Reisenweber Grossh.GmbH &,97616.0,Am Weichselrain 6,Dreieich,Tue_Thu
Paul Reisenweber Grossh.GmbH &,97616.0,Am Weichselrain 6,Meerane,Tue_Fri
Paul Schmidt GmbH,91224.0,Stallbaumer Straße 2,Meerane,Mon_Wed
Paul Stephan GmbH,73730.0,Dornierstraße 40,Dreieich,Tue_Thu
Penny Markt -GmbH,50829.0,Venloer Straße 1435,Krefeld,Mon_Thu
Penny Markt GmbH,31275.0,Gewerbestraße 20,Langenhagen,Tue_Thu
Penny Markt GmbH,45329.0,Ruhrglasstr. 72,Krefeld,Mon_Thu
Penny Markt GmbH-TS Lager,6188.0,Max-Planck-Ring 10,Meerane,Tue_Thu
Penny-Markt GmbH,14979.0,Märkische Allee 20-24,Meerane,Tue_Thu
Penny-Markt GmbH,22844.0,Oststraße 75,Langenhagen,Tue_Fri
Penny-Markt GmbH,61191.0,Raiffeisenstr. 5-9,Dreieich,Mon_Wed
Penny-Markt GmbH,73765.0,Bernhäuser Straße 40-42,Dreieich,Mon_Wed
Penny-Markt GmbH,76709.0,Am Autobahnzubringer 10,Dreieich,Mon_Wed
Penny-Markt GmbH,85386.0,Dieselstraße 21-27,Meerane,Mon_Wed
Peter Bräsch,24235.0,Strandstraße 50,Langenhagen,Mon_Thu
Peter Brück,54497.0,Schmiedegasse 6,Dreieich,Mon_Thu
Peter Cames GmbH & Co.KG,41464.0,Moselstraße 3,Krefeld,Tue_Thu
Pressevertrieb Riedel KG,38822.0,Bruchweg 18,Langenhagen,Mon_Thu
QTRADO GmbH & Co. KG,51375.0,Hornpottweg 5,Krefeld,No Change
REWE Dortmund SE & Co.KG,44309.0,Asselner Hellweg 1-3,Krefeld,Mon_Thu
REWE MARKT GMBH,69168.0,In den Weinäckern 1,Dreieich,Wed_Fri
REWE MARKT GMBH,85462.0,Am Isarkanal 22,Dreieich,No Change
REWE MARKT GMBH,85462.0,Am Isarkanal 22,Meerane,Wed_Fri
REWE MARKT GMBH,99192.0,Molsdorfer Lindenweg 1,Meerane,Mon_Thu
REWE MARKT GmbH,1683.0,Rewestraße,Meerane,Mon_Thu
REWE Markt GmbH,31275.0,Fortunastr. 8,Langenhagen,Tue_Fri
REWE Markt GmbH,50769.0,Robert-Bosch-Str. 44,Krefeld,Tue_Fri
REWE Markt GmbH,56070.0,August-Horch-Str. 11,Krefeld,Wed_Fri
REWE Markt GmbH,63263.0,An der Gehspitz 30,Dreieich,Mon_Thu
REWE Markt GmbH,63263.0,An der Gehspitz 30,Krefeld,Mon_Thu
REWE Markt GmbH,71149.0,Am Römerfeld 6,Dreieich,Wed_Fri
Raucherdienst Schemel OHG,64560.0,Oderstraße 29-31,Dreieich,Mon_Wed
Rewe Markt GmbH,12105.0,Altes Gaswerk Mariendorf 31,Meerane,Mon_Thu
Rewe Markt GmbH,21435.0,Uhlenhorst 144,Langenhagen,Mon_Wed
Rewe Markt GmbH,34479.0,Rewestraße 1,Dreieich,Wed_Fri
Rewe Markt GmbH,34479.0,Rewestraße 1,Langenhagen,Wed_Fri
Rewe Markt GmbH,34479.0,Rewestraße 1,Meerane,Mon_Thu
Rewe Markt GmbH,65479.0,Tejostrasse 2,Dreieich,Mon_Thu
Rewe Markt GmbH,65479.0,Tejostrasse 2,Langenhagen,Mon_Thu
Rewe Markt Gmbh,24558.0,Rudolf-Diesel-Straße 36,Langenhagen,Tue_Thu
Robert Fleischmann TGH und Fac,91330.0,Bamberger Straße 2,Meerane,No Change
SB Zentralmarkt,33100.0,Im Dörener Feld 4,Langenhagen,No Change
Sautter-Orth GbR,88512.0,Neue Straße 4-6,Dreieich,Tue_Fri
Sautter-Orth GbR,88512.0,Neue Straße 4-6,Meerane,No Change
Sechs X S,63069.0,Merianstraße 3-5,Dreieich,Mon_Thu
Tabac & Plus Wernet GmbH,79395.0,Müllheimer Str. 19,Dreieich,No Change
Tabac Bazar,77694.0,Hauptstraße 10,Dreieich,No Change
Tabac France,77963.0,Neue Rheinstraße 27,Dreieich,No Change
Tabacon GmbH & Co.,12099.0,Gottlieb-Dunkel-Str. 20-21,Meerane,Tue_Fri
Tabacon Oberbayern,85748.0,Dieselstraße 27,Dreieich,Tue_Thu
Tabacon Oberbayern,85748.0,Dieselstraße 27,Meerane,Mon_Wed
Tabacon Tabakwaren GmbH & Co K,7580.0,Heidelbergweg 10,Meerane,Mon_Thu
Tabacos GmbH,59192.0,Gewerbestr. 11,Krefeld,Mon_Wed
Tabak & More,66352.0,Bahnhofstraße 30,Dreieich,No Change
Tabak Bon Marche,77866.0,Am Rheinübergang 1,Dreieich,No Change
Tabak Bähr GmbH,41462.0,Alemannenstraße 11,Krefeld,Mon_Wed
Tabak Fütterer,68789.0,Bahnhofstraße 37,Dreieich,No Change
Tabak Schlief,48249.0,Industriestraße 3,Krefeld,Mon_Thu
Tabak Schuhmann GbR,97877.0,Hans-Bardon-Straße 34,Dreieich,Mon_Wed
Tabak Schuhmann GbR,97877.0,Hans-Bardon-Straße 34,Meerane,Mon_Wed
Tabakhaus Raupold E.K.,87527.0,Hochstraße 2,Dreieich,Tue_Thu
Tabakwaren,32676.0,Mittlere Str.34/Hintere Str.25,Langenhagen,No Change
Tabakwaren Großhandlung,45473.0,Aktienstraße 282,Krefeld,No Change
Tabakwaren Kähler GmbH,21629.0,Justus-von-Liebig-Str. 5,Langenhagen,Tue_Fri
Tabakwaren Meyer GmbH,32361.0,Spiegelstraße 19,Langenhagen,Mon_Wed
Tabakwaren Union Barkow GmbH,31542.0,Rotrehre 4,Langenhagen,Tue_Fri
Tabakwaren Union GmbH & Co. KG,37176.0,Klosteracker 3,Langenhagen,Tue_Fri
Tabakwarengrosshandel,63828.0,Großlaudenbacher Str. 27-29,Dreieich,Tue_Thu
Tabakwarengroßhandlung,44229.0,Olpketalstraße 74A,Krefeld,Mon_Wed
Tabakwarenvertriebsgesellschaf,99189.0,Osterlange 15,Meerane,No Change
Tabakwelt GmbH,95182.0,Hofer Straße 1c,Meerane,Wed_Fri
Tobacco Candy World,59067.0,Lange Straße 289,Krefeld,Wed_Fri
Tobacco Candy World GmbH,46238.0,Menzelstraße 14,Krefeld,Wed_Fri
Tobacco City GmbH,22111.0,Schiffbeker Weg 20-22,Langenhagen,No Change
Tobaccoland Automatengesell.mb,14974.0,Seestraße 13,Meerane,Wed_Fri
Tobaccoland Automatengesell.mb,25451.0,Max-Weber-Straße 12,Langenhagen,Mon_Thu
Tobaccoland Automatengesell.mb,45329.0,Alte Landstraße 3a,Krefeld,Wed_Fri
Tobaccoland Automatengesell.mb,71292.0,Leonberger Str. 88,Dreieich,Tue_Fri
Tobaccoland Automatengesell.mb,71292.0,Leonberger Str. 88,Krefeld,No Change
Transgourmet Deutschland,1239.0,Dohnaer Strasse 190,Meerane,Mon_Wed
Transgourmet Deutschland,1471.0,Pfälzer Allee 2,Meerane,Tue_Fri
Transgourmet Deutschland,3042.0,Bärenbrücker Straße 2,Meerane,Mon_Wed
Transgourmet Deutschland,4129.0,Maximilianallee 5,Meerane,Tue_Fri
Transgourmet Deutschland,6179.0,Am Gewerbepark II 15,Meerane,Mon_Wed
Transgourmet Deutschland,7554.0,An der Beerweinschänke 1,Meerane,No Change
Transgourmet Deutschland,8056.0,Saarstraße 16A,Meerane,No Change
Transgourmet Deutschland,9120.0,Heinrich-Lorenz-Straße 12,Meerane,Mon_Thu
Transgourmet Deutschland,10315.0,Rhinstraße 141,Meerane,Tue_Fri
Transgourmet Deutschland,14532.0,Ruhlsdorfer Straße 76,Meerane,Mon_Wed
Transgourmet Deutschland,14612.0,Straße der Einheit 122-128,Meerane,Mon_Wed
Transgourmet Deutschland,16356.0,Rudolf-Diesel-Straße 7,Meerane,Tue_Fri
Transgourmet Deutschland,18146.0,Hanseatenstraße 2,Meerane,Tue_Thu
Transgourmet Deutschland,22117.0,Glinder Straße 1,Langenhagen,Mon_Wed
Transgourmet Deutschland,22761.0,Tasköprüstr. 18,Langenhagen,Tue_Thu
Transgourmet Deutschland,22848.0,Gutenbergring 2-6/10-12,Langenhagen,Mon_Wed
Transgourmet Deutschland,26215.0,Schwarzer Weg 1,Langenhagen,Mon_Thu
Transgourmet Deutschland,38112.0,Daimlerstraße 1,Langenhagen,Mon_Thu
Transgourmet Deutschland,39120.0,Gustav-Ricker-Straße 1,Langenhagen,No Change
Transgourmet Deutschland,40724.0,Oststraße 17,Krefeld,Tue_Fri
Transgourmet Deutschland,47228.0,Schauenstrasse 32,Krefeld,Mon_Wed
Transgourmet Deutschland,50226.0,Europaallee 35,Krefeld,Mon_Thu
Transgourmet Deutschland,50829.0,Von-Hünefeld-Straße 100,Krefeld,Mon_Wed
Transgourmet Deutschland,57072.0,Papierfabrik 5,Krefeld,No Change
Transgourmet Deutschland,61138.0,An der Rosenhelle 2,Dreieich,Wed_Fri
Transgourmet Deutschland,63110.0,Udenhoutstraße,Dreieich,Wed_Fri
Transgourmet Deutschland,63263.0,Martin-Behaim-Str. 3,Dreieich,Wed_Fri
Transgourmet Deutschland,63263.0,Martin-Behaim-Str. 3,Krefeld,Wed_Fri
Transgourmet Deutschland,63741.0,Neue Glattbacher Straße 2,Dreieich,Wed_Fri
Transgourmet Deutschland,64347.0,Zusestraße 2,Dreieich,Wed_Fri
Transgourmet Deutschland,65760.0,Praunheimer Straße 5-11,Dreieich,Tue_Fri
Transgourmet Deutschland,68165.0,Fahrlachstraße 11-25,Dreieich,Mon_Wed
Transgourmet Deutschland,70469.0,Heilbronner Straße 381,Dreieich,Tue_Fri
Transgourmet Deutschland,70794.0,Plieninger Straße 63,Dreieich,No Change
Transgourmet Deutschland,74076.0,Austraße 95,Dreieich,No Change
Transgourmet Deutschland,85055.0,Otto-Hahn-Straße 2-4,Dreieich,No Change
Transgourmet Deutschland,85055.0,Otto-Hahn-Straße 2-4,Meerane,No Change
Transgourmet Deutschland,86368.0,Andreas-Schmid-Str. 2,Dreieich,No Change
Transgourmet Deutschland,86368.0,Andreas-Schmid-Str. 2,Meerane,Mon_Wed
Transgourmet Deutschland,90765.0,Hans-Vogel-Straße 113,Meerane,No Change
Transgourmet Deutschland,97076.0,Nürnberger Straße 105,Dreieich,Mon_Wed
Transgourmet Deutschland,97076.0,Nürnberger Straße 105,Meerane,Mon_Wed
Transgourmet Deutschland,99098.0,An der Flurscheide 1,Meerane,No Change
Utz GmbH &Co.KG,88416.0,Kolpingstr. 40,Dreieich,Tue_Fri
Uwe Kaiser GmbH,25474.0,Schneesch 5,Langenhagen,Tue_Thu
Uwe Siems GmbH,85221.0,Mittermayerstraße 14,Dreieich,Wed_Fri
Uwe Siems GmbH,85221.0,Mittermayerstraße 14,Meerane,Wed_Fri
Voss GmbH & Co,25980.0,Tinnumer Straße 11,Langenhagen,No Change
WTS Wenko Team-Service GmbH,33175.0,Hohe Kamp 17,Langenhagen,Mon_Thu
Wagro Tabakw.Ph.Wagner,47269.0,Keniastraße 34,Krefeld,Mon_Wed
Wasgau Produktions & Handels A,66955.0,Blocksbergstraße 183,Dreieich,Mon_Wed
Wilfried Ebeling,31311.0,Am Heerberge 5A,Langenhagen,Tue_Fri
Wilhelm Haas GmbH & Co.KG,35683.0,Nixböthestraße 40,Dreieich,Mon_Wed
Wilhelm List Nachfolger,38644.0,Lilienthalstraße 1,Langenhagen,Mon_Wed
Wilhelm Oexler,93444.0,Holzapfelstr. 30,Meerane,Mon_Thu
Willbold GmbH,89171.0,Burgunderweg 7,Dreieich,Mon_Wed
Willbold Kempten GmbH & Co. KG,87437.0,Daimlerstraße 14,Dreieich,Mon_Thu
Willi Weber GmbH & Co KG,64807.0,Dieselstraße 3,Dreieich,Wed_Fri
Winfried Breker Tabakwarengroß,72172.0,Stadionstraße 25,Dreieich,Mon_Wed
Wolf Tabakwaren E.K.,1665.0,Alte Straße 4,Meerane,Mon_Thu
Wolf Tabakwaren E.K.,99869.0,Das Steinfeld 3,Meerane,Mon_Wed
Wolf Tabakwaren e.K.,97447.0,An der Mönchstockheimer Str. 5a,Dreieich,Mon_Wed
Wolf Tabakwaren e.K.,97447.0,An der Mönchstockheimer Str. 5a,Meerane,Wed_Fri
Zigaretten Glasschröder,94469.0,Industriestraße 12,Dreieich,No Change
Zigaretten Glasschröder,94469.0,Industriestraße 12,Meerane,Wed_Fri
Zollheisel GmbH,76889.0,An der Schmalwiese 2,Dreieich,No Change
dampftbeidir GmbH & Co. KG,93073.0,Gleiwitzer Straße 6,Meerane,No Change
fk components GmbH,94424.0,Mariakirchener Str. 38,Meerane,No Change
iZi 36 GmbH,12055.0,Niemetzstr. 47/49,Meerane,Tue_Fri
muellertobacco e.K.,76829.0,Bornbachstraße 4,Dreieich,Mon_Thu
tabacon TABAKWAREN GmbH & Co.K,90475.0,Sprottauer Straße 22,Meerane,Tue_Fri
tabak-team Vertriebs GmbH & Co,23617.0,Max-Planck-Straße 5,Langenhagen,Mon_Wed
